SchemeName,Relationship,IDNumber,DateOfBirth,TitleDescription,FirstName,Surname,Gender,Cover
Toppaz Funerals,Principal,8510027647080,02/10/1985,MR,Peabo,Bryson,Male,15000
Tanny Funerals,Principal,8510028485084,02/10/1985,MR,Teddy,Williams,Male,15000
MosselBay Funerals,Principal,8510028545085,02/10/1985,MR,Wack,Mack,Male,15000
Grove Downs Funerals,Principal,8510027345081,02/10/1985,MR,Patrick,Forbes,Male,15000
BellaCancelScheme Funerals,Principal,5510027761082,02/10/1955,MR,Twin Turbs,Portias,Male,15000
Flowers Funerals,Principal,5507308089084,30/07/1955,MR,Pscar,Odar,Male,15000
Milners Funerals,Principal,5510026118086,02/10/1955,MR,Mark,Pettie,Male,15000
Prosper Heights Funerals,Principal,5510027340085,02/10/1955,MR,Mark,Pettie,Male,15000
Matters Funerals,Principal,5507303216088,30/07/1955,MRS,Portia,Pettie,Female,15000
Swarts Funerals,Principal,5507303602089,30/07/1955,MRS,Nancy,Green,Female,15000
Favor Administrators,Principal,5507302864086,30/07/1955,MRS,Trueweda,Andrews,Female,15000
Favor Administrators,Spouse,5508307114089,30/08/1955,MR,Anthony,Andrews,Male,15000
Favor Administrators,Child,0609017683085,01/09/2006,MR,John,Andrews,Male,15000
Favor Administrators,Adult Dependant Extended,4011025365084,02/11/1940,MR,Mike,Andrews,Male,15000
Grace Administrators,Principal,5507303516081,30/07/1955,MRS,Audrey,Lee,Female,15000
Grace Administrators,Spouse,5508306572089,30/08/1955,MR,Preston,Lee,Male,15000
Grace Administrators,Child,0609017203082,01/09/2006,MR,John,Lee,Male,15000
Grace Administrators,Adult Dependant Extended,4011025718084,02/11/1940,MR,Mike,Lee,Male,15000
Paris Administrators,Principal,5507303809080,30/07/1955,MRS,Cindy,Donald,Female,15000
Paris Administrators,Spouse,5508306298081,30/08/1955,MR,Owen,Donald,Male,15000
Paris Administrators,Child,0609015564089,01/09/2006,MR,John,Donald,Male,15000
Paris Administrators,Adult Dependant Extended,4011025012082,02/11/1940,MR,Mike,Donald,Male,15000
Atlantic Administrators,Principal,5507302228084,30/07/1955,MRS,Olga,Ponting,Female,15000
Atlantic Administrators,Spouse,5508308388088,30/08/1955,MR,Elridge,Ponting,Male,15000
Atlantic Administrators,Child,0609017204080,01/09/2006,MR,John,Ponting,Male,15000
Atlantic Administrators,Adult Dependant Extended,4011028260084,02/11/1940,MR,Mike,Ponting,Male,15000
Happiness Funerals,Principal,5507306139089,30/07/1955,MRS,Mona,Happiness,Male,5000
Swarts Funerals,Principal,5507305161084,30/07/1955,MRS,Nancy,Avenues,Male,15000
All Mine  Funerals,Principal,5507302165088,30/07/1955,MRS,Andrea,Tweaks,Female,15000
Sergions Funerals,Principal,5507301706080,30/07/1955,MRS,Andrea,Tweaks,Female,15000
Goodness Funerals,Principal,5507303351083,30/07/1955,MRS,Andrea,Tweaks,Female,15000
Moris  Funerals,Principal,7707302810083,30/07/1977,MRS,Monica,Selles,Female,15000
Arnold Funerals,Principal,7708252831087,25/08/1977,MRS,Harry,Shaw,Female,5000
NorthenIT Funerals,Principal,8108188600087,18/08/1981,MR,Billy,Cooper,Male,5000
John Funerals,Principal,8108185883082,18/08/1981,MR,Tobby,Floads,Male,5000
Thomas Funerals,Principal,8410226073081,22/10/1984,MR,Antonio,Dean,Male,5000
Preachers Funerals,Principal,8410225707085,22/10/1984,MR,Antonio,Dean,Male,5000
Sitas Funerals,Principal,8410226300088,22/10/1984,MR,Sam,Samuels,Male,5000
Roarders Funerals,Principal,8410212868080,21/10/1984,MRS,Georgina,Adams,Female,5000
Pola Funerals,Principal,8410222340088,22/10/1984,MRS,George,Adams,Female,5000
Morton Funerals,Principal,8410222546080,22/10/1984,MRS,Mayah,Teens,Female,5000
